CustomerID,Name,Email,Phone,Country
1,Aarna Sur,zraval@hotmail.com,9.16965E+11,Canada
2,Faiyaz Cherian,onkarvora@bobal-deol.com,9.13943E+11,UK
3,Neelofar Sanghvi,tailoreshani@bala.com,1130987962,India
4,Taran Sachdeva,navyamani@yahoo.com,6577870240,Canada
5,Heer Jaggi,vkrishnamurthy@dhingra-ramesh.com,9.14632E+11,USA
6,Prisha Hegde,deneysa@gmail.com,1184330809,Canada
7,Hazel Chaudhuri,lakshitdoshi@hotmail.com,5472238441,India
8,Divyansh Agate,wgulati@hotmail.com,9.1822E+11,Canada
9,Dhanuk Setty,satheprisha@gmail.com,9.12726E+11,USA
10,Charvi Bora,tara13@gmail.com,6064046709,UK
11,Rhea Ramanathan,madanprisha@yahoo.com,7595702915,India
12,Tejas Sridhar,sahil46@yahoo.com,9.11176E+11,Australia
13,Damini Chauhan,nirvaan55@bhandari.com,8741937778,USA
14,Ira Mand,mirayasuri@gmail.com,3845308773,Canada
15,Elakshi Ben,choudharyveer@yahoo.com,9.16029E+11,UK
16,Dhanuk Sanghvi,reddyriya@andra-sura.com,1438252176,Canada
17,Ishaan Doctor,dubekhushi@yahoo.com,9.16505E+11,India
18,Shray Ray,elakshiganguly@hotmail.com,3897347732,USA
19,Raunak Manne,lbehl@dada.org,8799759584,India
20,Saanvi Badal,wallamadhup@cherian.biz,9105418500,India
21,Eshani Krishnan,aradhyasaha@yahoo.com,3367259400,Australia
22,Faiyaz Chana,cbora@bose-lanka.com,829416849,Australia
23,Sumer Dash,akarshmahal@yahoo.com,9.10199E+11,Australia
24,Divij Saha,sumerbadal@basu.org,1932825962,Australia
25,Anahi Dash,kairasoni@issac-aggarwal.biz,7200408266,Canada
26,Eshani Chopra,vaibhavgole@devi-garg.info,9.1183E+11,Canada
27,Fateh Randhawa,indrans48@dash-goel.com,8786012614,India
28,Anahi Acharya,gamble@dugar.com,534806240,Australia
29,Arnav Virk,jivika01@hotmail.com,9.16304E+11,USA
30,Dhruv Trivedi,divyansh90@vig.com,8052760502,India
31,Seher Kothari,borragatik@salvi-ahuja.com,8476878934,India
32,Renee Guha,darshit51@iyer.com,1998730023,USA
33,Shaan Kade,lavanyasura@bhandari-chawla.com,9.11402E+11,USA
34,Divyansh Dani,jbhasin@batta.com,1240847445,India
35,Heer Kale,navyakurian@gmail.com,9.17349E+11,India
36,Amani Wagle,diya48@varkey-basak.com,9.13746E+11,Canada
37,Jivin Deshpande,tanya56@hotmail.com,5168810259,Australia
38,Madhup Kalita,nrama@zachariah.com,9.15581E+11,Canada
39,Farhan Bumb,ryan71@sankaran.info,825622268,Australia
40,Advik Swamy,anya36@hotmail.com,5005501571,Australia
41,Vivaan Date,dharmajan58@hotmail.com,1618994463,Australia
42,Lavanya Bhasin,advikborde@khanna-karpe.biz,9.176E+11,Australia
43,Mamooty Toor,nayantaralata@hotmail.com,2369032431,India
44,Zara Chatterjee,trisha47@thakkar.com,1340653749,USA
45,Nehmat Din,suhanabanik@desai-agrawal.net,9.17961E+11,Canada
46,Divyansh Walia,srinivasanzain@yahoo.com,6946941167,USA
47,Madhav Kari,badalchowdhury@yahoo.com,9.15936E+11,USA
48,Vedika Biswas,buchdhanush@mahal-manda.org,533922414,UK
49,Romil Shankar,kibehansh@yahoo.com,9.15677E+11,Canada
50,Mohanlal Lala,zachariahhazel@warrior.com,8582193472,Australia
51,Fateh Loyal,adatta@yahoo.com,1891358310,Australia
52,Madhup Brahmbhatt,dugarriya@thaker.org,6040048766,Canada
53,Misha Vasa,renee61@badal.com,9.1296E+11,Australia
54,Samar Raval,vardaniya35@char-bali.biz,9.10893E+11,USA
55,Jayesh Bhatnagar,yasminshankar@buch-sanghvi.net,3681571899,Australia
56,Ehsaan Shere,stuvanbhat@shan-bir.com,1297755814,India
57,Manjari Sunder,nishithgala@hotmail.com,9343922005,India
58,Saanvi Iyer,bassianvi@sant.info,9.16844E+11,Australia
59,Vardaniya Loyal,magardivyansh@gala.com,9.14746E+11,India
60,Arnav Saini,dharmajan55@andra.org,7408415655,Canada
61,Yakshit Apte,grewaltiya@ratta.biz,5798433340,India
62,Dharmajan Date,fchada@gmail.com,6160119759,India
63,Taran Atwal,eshani29@gmail.com,9.1899E+11,USA
64,Amani Jha,trisha25@hotmail.com,4775726874,Australia
65,Ojas Bhalla,amanisubramaniam@ram-taneja.biz,9.16729E+11,UK
66,Dishani Kota,tanya82@hotmail.com,5649973536,Canada
67,Amira Sankaran,ydube@sha.com,1939962986,India
68,Chirag Lata,asem@gmail.com,9.14525E+11,UK
69,Armaan Acharya,anvi07@sanghvi-mahal.biz,4004692810,India
70,Samar Cheema,jiyakalla@tripathi.com,7258608692,UK
71,Keya Yadav,djani@jain-randhawa.com,4834067186,USA
72,Sumer Karpe,ritvikgour@gmail.com,9.18218E+11,India
73,Pihu Agarwal,nkrish@hotmail.com,9.13888E+11,USA
74,Prerak Shenoy,taran46@gmail.com,2594101127,Australia
75,Ivan Seshadri,azadsidhu@sawhney-handa.biz,2777732816,Australia
76,Aaina Ganesan,lagandixit@mane-joshi.net,7388864244,UK
77,Dharmajan Kala,golahunar@sami.com,4005799972,Australia
78,Oorja Mandal,senguptareyansh@yahoo.com,6643214779,UK
79,Nitya Kadakia,manjarisharaf@babu.com,9.15317E+11,Canada
80,Arnav Buch,ddani@gmail.com,8398128062,Canada
81,Dharmajan Gaba,kartikdas@hotmail.com,9.14783E+11,USA
82,Saira Walia,dsaxena@ram-singhal.biz,5938317272,UK
83,Jayant Bhatti,tiyasoni@bobal-singhal.org,5518531447,USA
84,Gatik Jaggi,ishaan31@mangat.org,4053387957,Canada
85,Dhanush Goyal,indrajitdevi@edwin-kurian.com,3937308347,Canada
86,Ryan Sabharwal,godakabir@yahoo.com,2472008030,Australia
87,Samiha Kumer,divijbal@yahoo.com,9.1769E+11,India
88,Aaina Bedi,baljayan@bumb.com,2009508541,Australia
89,Ela Mandal,uppalnakul@hotmail.com,5326722130,USA
90,Navya Wable,lakshit05@bhasin-chhabra.net,1919346654,India
91,Vardaniya Babu,aarushgera@keer.net,4537899038,USA
92,Shray Hari,adahchakraborty@hotmail.com,2555046393,USA
93,Indranil Kumer,kbhatia@lala-behl.com,9.10384E+11,USA
94,Anahita Kapoor,bhattacharyyakartik@tank.com,9.19304E+11,Australia
95,Zeeshan Ratta,adirarajagopalan@gokhale.biz,7882647728,Canada
96,Inaaya  Lall,fatehgoel@gmail.com,2717848307,USA
97,Badal Sen,shayakiyengar@bhargava.com,4386252293,UK
98,Samaira Ranganathan,kaulmohanlal@maharaj.biz,4306091500,UK
99,Bhavin Maharaj,hridaanbakshi@yahoo.com,2097490356,UK
100,Arhaan Apte,anahita16@yahoo.com,6356675759,UK
101,Sana Sabharwal,okamdar@gmail.com,9.12306E+11,UK
102,Dhruv Gala,nakul76@bir.org,8719832103,Canada
103,Tushar Date,prerak65@talwar-malhotra.com,8479579380,India
104,Anya Wali,cganguly@bhakta-loyal.com,9769472216,USA
105,Gatik Iyer,yuvaan45@lata.info,7811575071,UK
106,Romil Ravi,bbasak@hotmail.com,7231688076,USA
107,Samar Varghese,bobalfarhan@gmail.com,6927724466,Canada
108,Sara Lata,usubramanian@yahoo.com,9.11574E+11,UK
109,Ishaan Bedi,nehmatbhardwaj@yahoo.com,7181266548,India
110,Nirvaan Borde,uvasa@borah-soman.info,9.15831E+11,Australia
111,Mahika Khanna,pbail@hotmail.com,9.19431E+11,UK
112,Ishaan Kohli,jivikavala@khare.com,9.15633E+11,USA
113,Ojas Chanda,ktiwari@karnik-kohli.com,7896690604,UK
114,Tiya Bobal,osarin@joshi-chauhan.org,8907183703,Canada
115,Mamooty Deo,toorayesha@shroff.com,4742898654,UK
116,Devansh Joshi,hkrish@yahoo.com,9.1947E+11,UK
117,Aarna De,ibalasubramanian@gmail.com,8025418932,UK
118,Rati Borde,xlala@gmail.com,6961965609,Australia
119,Nakul Gara,siyakapoor@hotmail.com,7192579187,Canada
120,Dhruv Raman,fjoshi@hotmail.com,9.17699E+11,Canada
121,Shlok Savant,ahana-krishnan@hotmail.com,5662843900,UK
122,Pranay Bhavsar,anvi06@hotmail.com,874112672,Australia
123,Jivika Yadav,rmander@rao.com,9.13901E+11,Australia
124,Oorja De,dixitshlok@gmail.com,9.14604E+11,India
125,Vritika Bajaj,karanshray@aurora-jani.net,9.10281E+11,Canada
126,Ehsaan Mannan,isubramanian@dhillon-mannan.com,9902485185,Canada
127,Riaan Hari,tiya59@guha.com,9.12596E+11,Australia
128,Nitya Vora,rajurati@koshy.com,7863782217,UK
129,Vihaan Deshmukh,karpemannat@yahoo.com,9.17299E+11,UK
130,Jayant Jayaraman,urvi17@loke-kohli.info,9.12984E+11,UK
131,Zaina Som,birdhruv@sachdeva.com,9.1872E+11,UK
132,Charvi Mahal,samihathakkar@anand.biz,7546277355,USA
133,Dishani Balasubramanian,hrishita28@gmail.com,1459366631,Australia
134,Heer Toor,fdoctor@kanda-ravel.info,7120383270,India
135,Amira Krishnan,anahi58@sheth-bhagat.net,5919653620,USA
136,Mohanlal Subramanian,kartikchaudhary@chanda.com,3942266239,Australia
137,Aarav Choudhury,shenoymishti@sagar.com,9.13773E+11,India
138,Advika Ganguly,baladhanush@gmail.com,9.12626E+11,Canada
139,Kavya Zachariah,ovarughese@yahoo.com,6222305313,USA
140,Heer Kohli,azadbhasin@hotmail.com,3381825866,UK
141,Ishaan Borde,dasskartik@ratta.com,4904936840,Australia
142,Raghav Ganguly,badal29@yahoo.com,6502883677,USA
143,Vedika Sant,lokehridaan@gmail.com,3782190680,UK
144,Prisha Atwal,yborde@yahoo.com,748481421,USA
145,Farhan Kalla,chowdhurysahil@gmail.com,1282685562,Canada
146,Trisha Dave,evachahal@yahoo.com,3672077007,India
147,Jayant Ben,balaysumer@aggarwal-hayer.com,9.19189E+11,USA
148,Ishita Date,odalia@hotmail.com,2978719367,Canada
149,Kaira Mani,shethkimaya@gmail.com,7880404722,India
150,Pranay Goswami,samarthbasu@divan.com,9.1155E+11,India
151,Dharmajan Dar,raghavborde@gmail.com,6124002550,UK
152,Bhamini Bakshi,prishadhaliwal@gmail.com,7709326217,Canada
153,Ishita Salvi,madhav38@khosla.com,9.18363E+11,India
154,Mehul Bala,indrajit21@upadhyay-kapoor.com,2480099994,Australia
155,Rania Sahni,ysehgal@taneja-borra.com,9.18573E+11,India
156,Suhana Mander,vbrar@chhabra.net,9.16386E+11,UK
157,Renee Saini,pkota@ramakrishnan.org,3697225468,UK
158,Shray Virk,dgoda@gmail.com,7470338895,USA
159,Adira Sur,jhaadah@mani-krishnan.com,9.16758E+11,Canada
160,Alisha Dalal,sairaagrawal@hotmail.com,9.18689E+11,UK
161,Kartik Zachariah,alia94@zachariah.com,3552142705,USA
162,Saksham Ramakrishnan,bordedhanuk@banik-boase.info,2303433898,UK
163,Pihu Sandhu,ksood@trivedi.net,9.11652E+11,USA
164,Aaina Bassi,fkanda@yahoo.com,9.16213E+11,Canada
165,Sumer Sarna,deshmukhryan@sant-lata.info,2936021623,Canada
166,Emir Deep,arhaanramesh@deo.com,9.13375E+11,UK
167,Mahika Aurora,zcherian@kata.biz,245276427,USA
168,Adira Saraf,madhupbansal@chopra.com,9.14558E+11,USA
169,Himmat Dube,zeeshanbarman@singhal-kaur.com,9.10957E+11,UK
170,Samarth Bhardwaj,lbakshi@vig.com,9.19551E+11,Australia
171,Jivika Khurana,baiju15@ramanathan-lalla.com,9.10189E+11,Australia
172,Riya Karnik,fchaudhuri@gmail.com,9.15657E+11,Canada
173,Pihu Chand,bavajayan@sengupta-warrior.com,6046180871,India
174,Divij Hegde,tandonhimmat@gmail.com,2303334792,USA
175,Madhav Gala,kauradvik@yahoo.com,9687647816,USA
176,Kashvi Lal,balivivaan@gmail.com,1913342657,Canada
177,Anay Shan,veer31@kannan-taneja.com,9.17515E+11,Canada
178,Pihu Choudhry,buchnakul@hotmail.com,9.13274E+11,Canada
179,Dhruv Dey,shanhiran@hotmail.com,4280343570,UK
180,Manikya Saran,farhan79@sanghvi.com,9.11313E+11,UK
181,Ira Koshy,himmatwagle@yahoo.com,7091837901,Australia
182,Priyansh Dey,tanya49@sahni.com,4762878588,India
183,Anika Kota,tanejalagan@hotmail.com,4085914133,UK
184,Amira Lad,samar25@gmail.com,5765993989,UK
185,Nirvaan Choudhry,fatehchatterjee@yahoo.com,52503512,USA
186,Akarsh Deshmukh,pranaysabharwal@sur-chander.com,9.14928E+11,Australia
187,Dharmajan Luthra,reyanshsandhu@kothari.com,8291473784,India
188,Nitara Sarma,manimannat@gmail.com,9.12223E+11,Canada
189,Zaina Sastry,cdevan@kalita.net,4977415723,USA
190,Suhana Tak,kimaya77@yahoo.com,9353012438,USA
191,Ivana Brahmbhatt,ikade@chawla-kata.net,4731520103,USA
192,Aaina Dasgupta,ramshray@yahoo.com,3638796886,Canada
193,Vihaan Chaudhary,karpepiya@yahoo.com,7252701636,USA
194,Divyansh Barad,shanayasalvi@loke-upadhyay.com,2480220480,Australia
195,Rasha Gara,sekhontrisha@samra-gola.com,9.10985E+11,Australia
196,Kashvi Johal,wbhatt@gmail.com,9192638251,UK
197,Mahika Karan,bahrilakshit@gole.info,7059582186,India
198,Divij Kale,ritvik05@kibe.com,8493334468,Canada
199,Tiya Chandra,dugalbhamini@kumer.com,4484052594,UK
200,Jivin Samra,zdhar@sarraf-sandal.biz,9.18592E+11,UK
201,Samaira Kashyap,toorishaan@gmail.com,858569748,USA
202,Eshani Lad,ggopal@gmail.com,9.13702E+11,India
203,Azad Saxena,adah74@ray.biz,9.19505E+11,India
204,Saira Deep,handamanjari@rout.info,9.17053E+11,UK
205,Biju Ratti,vohrakabir@hotmail.com,7193305437,Canada
206,Anaya Batra,mishti75@singhal-mann.biz,7105702004,Australia
207,Aarav Chandra,jtripathi@hotmail.com,5601214085,India
208,Zaina Agate,vaidyaamira@chaudhary-sura.com,209601472,India
209,Azad Chakrabarti,heer18@gmail.com,6916959247,UK
210,Rati Kamdar,solankiyasmin@hotmail.com,9.17999E+11,Australia
211,Anay Roy,parinaazbhavsar@yahoo.com,9043799601,UK
212,Dharmajan Suri,ksanghvi@atwal.com,1531083254,USA
213,Aayush Sundaram,shaan32@hotmail.com,2322133852,UK
214,Aaina Kalita,ojasdass@gmail.com,9.16758E+11,Australia
215,Alisha Srinivasan,dartushar@johal-sachdev.biz,9.15794E+11,India
216,Biju Kashyap,pihu33@sidhu.net,4592862968,Canada
217,Saira Chopra,amanisabharwal@yahoo.com,5924802356,India
218,Rasha Sura,jayan97@apte.com,9.13262E+11,Canada
219,Divij Chandran,badal34@bahri.com,9.17826E+11,UK
220,Anaya Brar,goelivana@yahoo.com,8789930646,UK
221,Yashvi Kalla,sarasekhon@loke-tandon.biz,136055476,India
222,Faiyaz Malhotra,hiranchandran@walia-kalita.com,3609916825,Australia
223,Umang Sur,hacharya@devan-master.com,9.18094E+11,Canada
224,Fateh Anne,nakulyogi@hotmail.com,8041622265,UK
225,Kaira Tak,nirvibala@sant.com,9.17502E+11,UK
226,Samar Deo,oorjabehl@yahoo.com,7743176815,India
227,Mannat Baria,tanya14@dasgupta-lad.org,3992668831,Canada
228,Shlok Suresh,damini99@hegde.com,9.12958E+11,Canada
229,Mamooty Gupta,veer26@zachariah-jaggi.com,6063526714,Australia
230,Sahil Sharaf,bhardwajchirag@hotmail.com,3444439657,India
231,Drishya Solanki,bhanda@yahoo.com,181941322,Canada
232,Khushi Rao,mahikaseshadri@yahoo.com,4672317319,UK
233,Piya Dara,fboase@krishna-kumar.biz,5569533662,UK
234,Shamik Mane,shereaaina@gmail.com,9517334211,USA
235,Armaan Raval,purab20@garg.com,820664188,India
236,Riaan Devi,tanyagour@rout.biz,1083069787,India
237,Bhamini Sane,darataimur@brahmbhatt.net,1415765277,USA
238,Tara Deol,daggarwal@edwin.com,9011102587,Australia
239,Ivan Suresh,lokenitara@bala.com,4947601058,UK
240,Bhamini Setty,madhup64@yahoo.com,9.19162E+11,Australia
241,Alisha Dube,samaira46@gmail.com,9.19936E+11,UK
242,Heer Sani,ydugal@hotmail.com,9270025497,India
243,Vihaan Hans,anahitak@gade.com,7595289592,USA
244,Taran Rastogi,jcheema@yahoo.com,5696650866,Australia
245,Eva Rastogi,solankibiju@bansal.net,9.15478E+11,Australia
246,Myra Sabharwal,vedikamall@hotmail.com,8390144792,India
247,Khushi Madan,mahika14@gmail.com,5741422264,UK
248,Mehul Setty,shayak17@agarwal-rattan.biz,6581200267,UK
249,Divit Sampath,samarth34@wable-contractor.com,9.16861E+11,India
250,Ojas Doshi,keerdrishya@gmail.com,2832940332,India
251,Rati Ravi,whayer@hotmail.com,266252846,Canada
252,Drishya Kale,bavaveer@hotmail.com,4693674172,India
253,Navya Badami,valalagan@gole.net,9.19748E+11,India
254,Samarth Lal,keyatripathi@magar-chadha.com,1846066517,UK
255,Abram Sidhu,rheasampath@gmail.com,9.17198E+11,Canada
256,Vidur Wable,pshah@vasa.net,9.14828E+11,Canada
257,Raghav Gole,xkarpe@thakur.info,9.15442E+11,UK
258,Nirvaan Dave,kadakiafaiyaz@gmail.com,8127777287,USA
259,Kashvi Mani,varghesedivit@chauhan.com,9.12916E+11,USA
260,Umang Viswanathan,rati25@yahoo.com,9861732848,Australia
261,Yashvi Raman,pihuhayer@din.com,9.19393E+11,Canada
262,Adira Datta,zborde@hotmail.com,1016064084,USA
263,Hiran Devi,divyanshrajagopalan@gmail.com,5436371736,India
264,Seher Rajagopalan,ahana-dada@chawla.org,7390081015,UK
265,Nayantara Rau,hunar47@gmail.com,8842710862,India
266,Nitya Sura,divijdave@dugal.com,5646291005,Australia
267,Nirvaan Varty,manjarisabharwal@yahoo.com,805089123,Canada
268,Hansh Comar,elakshi72@yahoo.com,6189718153,Australia
269,Neysa Madan,jayeshsandal@bassi-chahal.biz,9.16158E+11,Australia
270,Samaira Wagle,vdhar@varughese.net,8354182573,Canada
271,Madhav Kanda,ekhanna@buch.com,5013880465,USA
272,Uthkarsh Balakrishnan,bdeshmukh@yahoo.com,8758616393,Canada
273,Jivin Shankar,jaggiprisha@raja.info,8607963069,USA
274,Anahita Sampath,gopalsamiha@yahoo.com,9.12766E+11,USA
275,Nirvaan Singhal,sanasubramaniam@sura-bala.com,8440076795,Australia
276,Manjari Dass,samarth50@yahoo.com,9.12626E+11,India
277,Hunar Bera,oorjabala@gmail.com,6227038967,UK
278,Miraan Shere,idutt@hotmail.com,9.1339E+11,Canada
279,Madhup Sehgal,dugalshray@randhawa.com,9946255564,USA
280,Keya Virk,vshankar@solanki-krishna.org,9835028672,Canada
281,Indrajit Shankar,onkarsethi@gmail.com,1489832865,UK
282,Darshit Butala,jkala@hotmail.com,45035799,Australia
283,Hrishita Dara,lokenavya@bhatnagar.com,9793525533,UK
284,Anika Sandhu,anay70@kade.com,5045864259,UK
285,Miraya Dave,boraazad@sankaran.com,5019490450,India
286,Dhanush Kothari,prerak51@yahoo.com,9918280092,India
287,Ivan Zacharia,armaan72@vaidya.org,9685912201,UK
288,Anvi Setty,chahaldhruv@yahoo.com,5371491495,Canada
289,Misha Saraf,dhanuksundaram@gmail.com,9.19021E+11,India
290,Zain Chana,advika47@bora.biz,9.18104E+11,Australia
291,Baiju Viswanathan,darshitdasgupta@warrior.com,190877747,Australia
292,Sana Dar,rania00@dey-edwin.com,8203813358,Australia
293,Madhav Gara,taimur79@yahoo.com,8212252817,Australia
294,Piya Ram,bailhazel@yahoo.com,4871679944,India
295,Pranay Kaur,aarushmadan@hotmail.com,9.11569E+11,USA
296,Amani Divan,sankardamini@gmail.com,9978185508,UK
297,Miraan Uppal,bsaran@hotmail.com,2944351240,India
298,Taran Rau,vaibhavreddy@gmail.com,1864621899,Canada
299,Tarini Jain,ukaur@hotmail.com,5390014933,Canada
300,Adira Deshmukh,ivana01@hotmail.com,9.14068E+11,USA
301,Anahi Vasa,bhatiavidur@gmail.com,2204320991,USA
302,Hansh Ahluwalia,kohlireyansh@loke-kakar.com,3481188195,India
303,Hazel Karnik,rsathe@solanki.com,9.18514E+11,Australia
304,Nehmat Deshpande,rashasandal@char-chokshi.com,9.13756E+11,UK
305,Anvi Thakur,hunar56@sane.org,494487375,Australia
306,Anaya Kara,lallatanya@hotmail.com,4623083196,India
307,Rasha Baria,tejas05@hotmail.com,9.16625E+11,India
308,Ayesha Sood,sairabail@hotmail.com,4964604705,Canada
309,Riaan Deshmukh,ramakrishnanvedika@bala.com,9.19665E+11,UK
310,Ayesha Chad,vardaniya23@yahoo.com,9.12545E+11,Canada
311,Adah Koshy,irastogi@gmail.com,9.17237E+11,Australia
312,Yakshit Bose,rkoshy@yahoo.com,9001113121,India
313,Emir Gole,jhanvi78@gmail.com,1306941422,Canada
314,Sumer Lanka,pari26@guha.biz,1781311875,USA
315,Jiya Chakraborty,dmagar@kant.com,2351566997,UK
316,Kaira Buch,sureshzaina@gola.biz,5546980530,USA
317,Mehul Bhat,adahchandran@gmail.com,7822994802,India
318,Indrans Thaman,sarrafdiya@yahoo.com,9342339954,Canada
319,Yashvi Maharaj,ishita63@hotmail.com,6433881688,UK
320,Samar Tailor,fatehatwal@hotmail.com,9.19531E+11,Canada
321,Yuvaan Bhalla,bhardwajindranil@bhargava.com,2646699657,USA
322,Samarth Lad,edwintiya@gmail.com,4916051371,USA
323,Stuvan Gopal,priyansh69@yahoo.com,3104823286,Australia
324,Indrans Gupta,gollakismat@hotmail.com,9.11955E+11,Canada
325,Zoya Loyal,oagarwal@dani.com,9.16095E+11,UK
326,Neysa Sagar,tanksiya@hotmail.com,7734677863,UK
327,Zain Saran,chatterjeejivika@dara.org,9.17991E+11,India
328,Anvi Bandi,evarkey@yahoo.com,1200561768,USA
329,Ira Raja,mallnirvi@yahoo.com,7687549314,Australia
330,Lavanya Ramakrishnan,shettyojas@hotmail.com,9.10017E+11,UK
331,Kavya Chaudhry,heer22@hayer-sarna.com,8354158616,Australia
332,Darshit Sangha,lsuresh@shenoy-sibal.com,6822355691,UK
333,Adira Devi,nrajagopal@hotmail.com,9.10132E+11,India
334,Mannat Ghosh,kapurlakshit@gmail.com,9540438276,Canada
335,Anya Johal,piyavarughese@mannan.com,5562840187,Canada
336,Faiyaz Roy,kimaya08@hotmail.com,9.17796E+11,Canada
337,Anya Bora,suhanachada@hayer.com,3953119173,India
338,Arhaan Bala,riyaseth@hotmail.com,3421152846,Canada
339,Yashvi Jaggi,anviravi@jani.com,7085764162,India
340,Uthkarsh Seth,chandranzain@hotmail.com,955618821,USA
341,Mamooty Shroff,dishani51@gmail.com,9735932830,Canada
342,Zoya Vora,nakul52@yahoo.com,9.16113E+11,Australia
343,Mamooty Rama,uppalnirvi@hotmail.com,9.14348E+11,Canada
344,Dharmajan Sunder,tverma@yahoo.com,872640012,India
345,Riaan Vasa,indrajitkarpe@sura-bassi.com,9.12026E+11,UK
346,Anvi Bava,vritika43@hotmail.com,6436917252,India
347,Vritika Ratta,dhanushchand@gmail.com,5655215662,USA
348,Anaya Chakrabarti,ucontractor@hotmail.com,3084224455,Canada
349,Krish Aggarwal,elakshigulati@kadakia.com,3874274000,Australia
350,Dhanuk Lalla,harisuhana@gmail.com,5358737059,UK
351,Saanvi Gala,madhup88@kulkarni.com,8778083509,Canada
352,Hridaan Master,ttara@yahoo.com,9.19984E+11,India
353,Aarav Zachariah,vedika30@hotmail.com,4833564200,Australia
354,Heer Suri,chowdhuryriya@sarma.com,2348025933,India
355,Divit Kapoor,parinaaz88@ram.info,8616145735,Canada
356,Reyansh Borra,mallickanahi@kar.com,5037510287,Australia
357,Aaryahi Dara,oranganathan@gmail.com,9.12385E+11,Canada
358,Jivika Bhat,ktripathi@srivastava.net,9455033706,USA
359,Azad Balakrishnan,tarini73@sunder-kannan.com,1446215567,UK
360,Shlok Lad,gatik43@aggarwal.com,9.11975E+11,Canada
361,Abram Chakrabarti,zdalia@anne.info,6070345701,Australia
362,Suhana Babu,raghav61@gmail.com,9.14138E+11,USA
363,Alia Mannan,zdugar@gokhale.com,4311865452,India
364,Tanya Badal,mkoshy@yahoo.com,2995434662,UK
365,Siya Sankar,aayush77@master.com,4890311044,Canada
366,Saksham Ramachandran,tejas12@iyer-rajagopal.com,9.12935E+11,UK
367,Shamik Gara,saira13@hotmail.com,503704522,Australia
368,Kismat Venkataraman,ishaan59@bobal.com,9.16817E+11,UK
369,Misha Mahal,taranwable@kumar-hegde.com,3857715710,India
370,Rania De,usastry@garg-sanghvi.com,6885818906,Australia
371,Shlok Chauhan,samarthkala@walla-vala.com,9.14501E+11,Canada
372,Ishita Butala,shray09@gmail.com,8882236155,USA
373,Aayush Handa,lakshayrana@gmail.com,2775938599,UK
374,Dhanush Varkey,shahindrans@gmail.com,9.15905E+11,UK
375,Saira Sagar,adani@gmail.com,8167534365,Australia
376,Armaan Kunda,shlokchhabra@kade.org,3050610660,Australia
377,Saira Karnik,bhandarihiran@hotmail.com,7227442832,Canada
378,Zaina Lall,hariaarush@hotmail.com,5067646199,India
379,Divij Hora,dhanush27@iyengar.com,9.16907E+11,Australia
380,Heer Korpal,sankaranabram@raju.com,3961646250,Australia
381,Aarush Shetty,jayantmahal@gmail.com,9.11686E+11,UK
382,Zeeshan Hari,tankkiara@zachariah.com,9.10303E+11,USA
383,Nirvi Vohra,ivansrinivas@aggarwal-cherian.com,9.12596E+11,Canada
384,Prisha Hans,badamishaan@karpe.com,9.19543E+11,Australia
385,Samar Bora,bdube@gmail.com,9549256007,Australia
386,Devansh Badami,chawladivij@randhawa.org,8835934063,India
387,Parinaaz Gupta,mehul60@gmail.com,7460909594,India
388,Amani Bajaj,srinivasbhavin@yahoo.com,9.13421E+11,USA
389,Mehul Rama,idugar@kaul.com,59149904,Canada
390,Nakul Dhillon,kashvidate@yahoo.com,7895895930,USA
391,Gokul Amble,balasubramaniandharmajan@sani-apte.biz,9.10162E+11,Australia
392,Zoya Goyal,rwagle@krishnan-manda.com,5444845708,Australia
393,Pari Devan,bhatnagaranahi@chaudhuri-mannan.info,1087476185,USA
394,Vardaniya Arya,anika15@hotmail.com,9.18871E+11,India
395,Gokul Dhaliwal,samarchander@handa-bath.biz,9.1266E+11,Australia
396,Jivika Handa,aniruddh44@gmail.com,9.11124E+11,India
397,Mahika Rama,sainiriya@hotmail.com,6604352272,Canada
398,Reyansh Setty,ivana46@hotmail.com,6015479181,India
399,Anika Sandal,adutta@hotmail.com,7557864562,India
400,Bhamini Dani,raghavgera@gmail.com,9.19197E+11,USA
401,Shanaya Bobal,anahita41@chaudhuri.com,9924228252,Australia
402,Khushi Sur,shanayamand@gmail.com,8529782190,Australia
403,Samaira Khatri,tarasamra@sane.com,9.18204E+11,UK
404,Mohanlal Dutta,gademannat@yahoo.com,5812216598,Canada
405,Anika Baral,bahlmanjari@kumar.biz,3033666863,UK
406,Manikya Saxena,tariniahluwalia@chaudry.com,7246211691,Canada
407,Jayesh Varty,lkala@khurana-kala.com,2798178247,Canada
408,Vivaan Chaudhari,shaan63@gmail.com,9.12587E+11,India
409,Nayantara Manne,inaaya-tella@hotmail.com,3437928249,UK
410,Anya Tailor,tarinichandra@rajagopalan.com,9.11103E+11,USA
411,Armaan Shan,hridaangill@hotmail.com,9.1584E+11,UK
412,Yashvi Manne,shamik10@gmail.com,5531619710,India
413,Advika Goda,xbains@gmail.com,9685806198,Australia
414,Vritika Contractor,zara44@kata.com,2864600400,India
415,Mishti Shankar,kismatkrishnan@gmail.com,9.16676E+11,India
416,Dhanuk Sen,nsrivastava@reddy.com,9.12416E+11,Australia
417,Suhana Edwin,schawla@hora.com,8627742568,Australia
418,Ahana  Lanka,zachariahivana@char-trivedi.biz,4799167746,India
419,Ranbir Toor,zara03@tripathi.net,9.15799E+11,UK
420,Zoya Barad,nityasinha@hotmail.com,139607611,India
421,Reyansh Gole,benryan@hotmail.com,5925673268,India
422,Bhamini Barad,baliprisha@karpe.com,5415550024,Australia
423,Navya Shroff,smanda@hotmail.com,3311352662,Australia
424,Renee Sastry,handadivij@chandra.com,5498066686,Australia
425,Advika Bahl,lalashamik@ramesh.com,9.12616E+11,UK
426,Aarna Rajagopal,jaggiromil@tak-singhal.com,959767289,Canada
427,Anika Tata,vchatterjee@gmail.com,1934366951,USA
428,Romil Bera,ksetty@gandhi.com,7478998499,UK
429,Ojas Sampath,ranbirbail@hotmail.com,9.17488E+11,USA
430,Shaan Chaudhuri,ramaswamydivyansh@gmail.com,9.11104E+11,Australia
431,Sumer Saha,shahhrishita@yahoo.com,9.17628E+11,India
432,Hansh Venkatesh,anayadutta@bansal-kapoor.net,6084156972,Australia
433,Hunar Hayer,vritika93@ramesh-behl.com,6075318162,UK
434,Taran Borra,arhaan48@hotmail.com,2250757338,India
435,Neelofar Kalla,gokul52@rajagopalan.com,9.11576E+11,Australia
436,Indrajit Iyengar,ebora@sant-tiwari.com,7899069449,Canada
437,Armaan Sarma,sarmashanaya@hotmail.com,6530846524,Australia
438,Tiya Mallick,ratikibe@yahoo.com,9.1988E+11,Canada
439,Kabir Lad,bghose@chada.com,9.11927E+11,Australia
440,Jiya Chawla,piya33@hotmail.com,134504479,India
441,Pari Shankar,uboase@chandra.com,5865162200,USA
442,Akarsh Shankar,jivin81@sunder.info,9.13559E+11,India
443,Heer Grewal,anay13@gmail.com,5776468975,India
444,Sahil Gaba,shanayajhaveri@bora.com,9.15636E+11,Australia
445,Ojas Barman,badal07@yahoo.com,9.1864E+11,Canada
446,Gatik Sunder,kanav64@mall.net,2904793704,Canada
447,Kiara Bali,qborah@vasa.com,9.16864E+11,USA
448,Nakul Singh,lramakrishnan@bora.biz,4751123331,UK
449,Eshani Bhatt,ira41@chaudhry.com,3352456369,Canada
450,Zara Atwal,qraju@hotmail.com,9423357694,USA
451,Divyansh Sundaram,bganesh@hotmail.com,99414744,India
452,Faiyaz Hayre,ishitasanghvi@koshy.org,4895877959,UK
453,Siya Toor,ramaonkar@bava-seth.info,9.1711E+11,Australia
454,Miraan Gokhale,kiaanzachariah@gmail.com,3732977018,USA
455,Akarsh Chacko,hunar11@bhatia.com,4354613091,India
456,Elakshi Wali,riaan79@tripathi.com,6234005987,UK
457,Hunar Sodhi,kaleyashvi@gmail.com,4606585787,Australia
458,Shanaya Dave,okaran@sarma.info,3468756447,Canada
459,Khushi Raju,mannevritika@yahoo.com,6381755111,USA
460,Anahita Virk,ysuresh@bassi.net,9.12935E+11,India
461,Diya Varghese,venkataramanaradhya@banik.biz,9002502463,Australia
462,Zain Chaudry,edwintarini@gmail.com,8797074110,UK
463,Onkar Golla,fbalasubramanian@konda.net,9327673712,UK
464,Shalv Master,kiaradoshi@lad.biz,6574420559,India
465,Prerak Gour,miraandar@karpe.com,2044195007,India
466,Urvi Konda,jgandhi@gmail.com,9.12893E+11,Australia
467,Hunar Sheth,drajagopal@bhakta.com,9.18933E+11,USA
468,Tanya Sha,yuvraj-choudhry@yahoo.com,1630353072,Canada
469,Kanav Ramakrishnan,tiwarijayant@yahoo.com,9.1875E+11,UK
470,Aarav Chokshi,emirbandi@gmail.com,6155683769,India
471,Amani Rattan,jivika28@arora.com,9.15203E+11,UK
472,Yuvaan Ganguly,jbumb@yahoo.com,9.13971E+11,UK
473,Alisha Chahal,graman@bose.com,7833443977,Canada
474,Hansh Jain,romilsoni@hotmail.com,6375916490,Australia
475,Rati Wadhwa,rkarpe@gmail.com,9.16726E+11,Australia
476,Tanya Deo,ishaanshenoy@yahoo.com,9.10679E+11,India
477,Ivan Gill,sahilvaidya@hotmail.com,3788567698,UK
478,Divij Bhardwaj,yuvaanrajan@hora.com,7373932279,India
479,Anaya Dua,samaira97@sharaf.org,7287749655,UK
480,Trisha Sidhu,parinaaz49@hotmail.com,7657719793,USA
481,Devansh Kumer,hayervaibhav@yahoo.com,8947066047,Australia
482,Shlok Chada,ranganathanmadhav@kala.net,4491644996,USA
483,Aradhya Kota,veer68@sama.com,9.10534E+11,UK
484,Parinaaz Sundaram,subramaniamvivaan@bera.com,4539106579,USA
485,Kartik Comar,jhanvisunder@saha.com,9.16055E+11,Canada
486,Lagan Dey,yasminverma@hotmail.com,1313266464,UK
487,Akarsh Chander,jlal@bhandari.com,1104564074,UK
488,Adira Vohra,shraybumb@hotmail.com,8931832520,Australia
489,Gokul Lad,shanaya07@andra-yadav.com,7304713831,Australia
490,Inaaya  Ratti,iyengarkeya@rastogi-sachdev.biz,5652359287,India
491,Zaina Yogi,sonineysa@anand.com,6306168015,Canada
492,Nishith Sant,sakshamdesai@yahoo.com,8199541821,Australia
493,Shayak Chacko,yasmin49@keer.com,679389659,Canada
494,Aniruddh Walla,yashvikale@sastry.net,9.1716E+11,USA
495,Vanya Bose,dishanigola@hotmail.com,4143923001,India
496,Azad Acharya,keyalad@hotmail.com,6725211524,USA
497,Anay Bhakta,haridrishya@bobal.com,9.17433E+11,India
498,Chirag Khalsa,vidurrajan@hotmail.com,2477037974,India
499,Farhan Verma,farhan81@lal.com,9.16986E+11,USA
500,Nayantara Sani,annerenee@gmail.com,9.18642E+11,USA
501,Sumer Kulkarni,shrayedwin@hotmail.com,9.15024E+11,India
502,Elakshi Sarna,mohanlalvenkataraman@yahoo.com,9.12611E+11,Australia
503,Uthkarsh Varghese,raniamallick@hayre.biz,6288233579,Australia
504,Arnav Bose,anaya89@yahoo.com,953163911,Canada
505,Vritika Das,latasaanvi@hotmail.com,2831278950,Australia
506,Riaan Sabharwal,yashvi31@yahoo.com,4954775577,UK
507,Yashvi Wason,chadhaprerak@gmail.com,9265040334,Canada
508,Tejas Choudhury,cheriantaran@bumb.biz,8177939395,UK
509,Vaibhav Sinha,usaran@yahoo.com,9.17064E+11,Canada
510,Zeeshan Kannan,madhav08@ghose.com,8735788265,USA
511,Reyansh Raja,lavanyatata@hotmail.com,3978796527,Australia
512,Romil Comar,lallkimaya@yahoo.com,9.1309E+11,UK
513,Jayesh Jain,nayantara69@yahoo.com,9.13866E+11,India
514,Nayantara Kota,wbhardwaj@batta.com,6230234048,UK
515,Nehmat Vyas,saksham78@gmail.com,4928522204,UK
516,Zoya Raju,nhans@sengupta.com,1262851889,USA
517,Indranil Srinivas,hayernehmat@yahoo.com,9.17913E+11,Australia
518,Samaira Behl,samarlala@gmail.com,9.10422E+11,UK
519,Akarsh Desai,takreyansh@sawhney.com,1159977506,USA
520,Nishith Ahluwalia,yuvaanchokshi@hotmail.com,7349947436,Australia
521,Kartik Sur,dhruv03@yahoo.com,3879259982,India
522,Anvi Rattan,badamikaira@yahoo.com,9.19083E+11,Australia
523,Keya Bora,tripathiayesha@deep.info,4159599098,USA
524,Kabir Dave,hrout@ghose.com,9.14858E+11,Canada
525,Indrans Madan,amanibansal@hotmail.com,9.10325E+11,Canada
526,Aayush Kakar,purab23@sengupta.com,8508851282,Australia
527,Madhav Wali,bhatnagarmanikya@srivastava.com,5187399837,India
528,Uthkarsh Chhabra,divyanshchokshi@baria-hans.com,9.1271E+11,UK
529,Miraya Gokhale,ivana37@kibe-bhargava.net,6442908326,Canada
530,Mamooty Bhattacharyya,sumer90@hotmail.com,6404622261,India
531,Ira Viswanathan,dhanush94@gmail.com,5209438444,UK
532,Jivika Agarwal,anyakadakia@yahoo.com,345640704,Canada
533,Kiaan Khosla,hunarbadal@bora-wali.com,1402751863,Canada
534,Shanaya Setty,dishanikaul@kanda.net,9.19051E+11,UK
535,Advik Ravi,msuresh@gmail.com,1756920248,USA
536,Seher Mallick,bhaminichana@hotmail.com,9.15422E+11,UK
537,Divit Bora,anvighose@cherian.com,7922146755,India
538,Hrishita Saxena,mhora@yohannan-thaman.biz,9.14673E+11,India
539,Saira Gokhale,vyasanay@hotmail.com,9685926469,Australia
540,Keya Shetty,shray46@vora-roy.com,9.16324E+11,UK
541,Ojas Srinivas,solankivihaan@yahoo.com,480558911,Canada
542,Adira Krishnan,jganesan@hotmail.com,4283381895,UK
543,Aradhya Tara,sehersandal@sharaf.net,5129168381,India
544,Badal Setty,pranaydeo@yahoo.com,9.1414E+11,Canada
545,Azad Jhaveri,bajwaanahi@yahoo.com,8720441618,UK
546,Vihaan Wason,aniruddh53@sangha.com,6801011461,India
547,Azad Garg,laganuppal@yahoo.com,1028392192,Canada
548,Lakshay Batta,mannat57@sibal.com,9173825305,UK
549,Kabir Ahluwalia,sanasrinivasan@gmail.com,2620610645,UK
550,Mohanlal Choudhary,dayaljiya@gmail.com,9.10418E+11,Australia
551,Zain Bajaj,tanyasrinivasan@karnik-mandal.com,8582454189,Canada
552,Neysa Ghose,jgala@bhasin.com,9.10136E+11,USA
553,Umang Sahota,advikbadami@dewan-gopal.net,7110772357,Canada
554,Kanav Keer,amani79@babu-saini.com,5029719143,Canada
555,Ira Sarraf,yuvraj-80@gmail.com,4810583957,Canada
556,Amira Rana,balayyakshit@hotmail.com,9.10578E+11,UK
557,Chirag Krishna,baiju01@hora.org,1690981925,Canada
558,Zeeshan Agrawal,tankmishti@hotmail.com,9.18185E+11,Australia
559,Dharmajan Mane,lagandubey@yahoo.com,9.11724E+11,Canada
560,Rhea Wable,aarnasoni@gmail.com,8360615432,UK
561,Jiya Sarin,devanshchacko@yahoo.com,9.18039E+11,Canada
562,Fateh Anne,sanabava@chatterjee.org,3651253394,UK
563,Arhaan Chaudhari,jivindey@hotmail.com,2447237942,Canada
564,Lavanya Lalla,vedika78@malhotra.com,3613643958,India
565,Akarsh Gandhi,madanyuvraj@sane.info,4382286813,Australia
566,Mahika Brar,zainathakkar@gmail.com,2691910449,India
567,Amira Rattan,tejasdhingra@shetty-tandon.com,2694794542,Canada
568,Anahi Sarna,uthkarsh37@hotmail.com,9.19289E+11,USA
569,Tiya Johal,mishti46@gmail.com,9.11109E+11,USA
570,Tanya Kade,advikadas@sangha.com,6350764388,UK
571,Aaina Kurian,urvitailor@gmail.com,1515980700,Australia
572,Mohanlal Sathe,himmat53@gmail.com,9.17207E+11,UK
573,Aradhya Garde,tdhar@hari.com,8385834628,Canada
574,Raghav Saraf,tanyaraval@gmail.com,5485240268,Australia
575,Ayesha Bhattacharyya,trivedimadhav@aurora-sule.info,6825051335,Australia
576,Vanya Srinivasan,aliajaggi@yahoo.com,9.14803E+11,Australia
577,Tanya Rout,tsamra@yahoo.com,9.16214E+11,Canada
578,Stuvan Walla,sharafmahika@yahoo.com,9.11371E+11,USA
579,Aaina Sodhi,yogianika@yahoo.com,7146035734,USA
580,Kanav Chaudhry,kabir48@rattan.org,4077898372,USA
581,Vihaan Batta,raniaboase@chada.com,8909545894,Australia
582,Ishita Vohra,jayeshmadan@hotmail.com,3084065119,India
583,Aniruddh Gara,nayantara14@yahoo.com,5163544132,Canada
584,Jayant Dasgupta,divijbuch@seth.com,2767465751,India
585,Indranil Subramanian,somaneva@gmail.com,5358585740,UK
586,Anahi Deshmukh,ahana-59@yahoo.com,9535455283,India
587,Vihaan Sharaf,aniruddh07@thaman-khosla.com,4725397375,USA
588,Ranbir Saran,shroffmiraya@sunder.biz,9.1295E+11,Australia
589,Miraya Gokhale,hdeep@hotmail.com,8073536980,India
590,Miraya Krishnamurthy,advikasehgal@sachar.com,5117050879,India
591,Rati Subramanian,shayakchand@ghose.com,7607386072,UK
592,Jivin Ganesan,adirakrish@gmail.com,9.17735E+11,Canada
593,Indranil Khalsa,sastryvedika@gmail.com,1648610609,India
594,Yuvraj  Dutt,raunaktaneja@gmail.com,2667735838,UK
595,Kashvi Solanki,pkonda@hotmail.com,8038331948,USA
596,Raunak Mallick,prisha67@gmail.com,5597885727,USA
597,Riya Bedi,oorja56@hotmail.com,5422520247,Australia
598,Aayush Madan,navya18@sandal-chahal.com,762467521,Australia
599,Tarini Sami,ccheema@rana-hans.info,6899734795,Australia
600,Kimaya Jain,sumer63@sarraf.com,4864741757,Australia
601,Divit Mannan,hirankakar@gmail.com,9.14824E+11,USA
602,Riya Ravi,kiara41@talwar-lala.com,9.1789E+11,USA
603,Hazel Biswas,kairagrover@ramanathan.com,82744180,Australia
604,Sana Raj,battasuhana@devi.com,842971951,Australia
605,Bhavin Kadakia,aradhya09@hotmail.com,9.12885E+11,Canada
606,Akarsh Amble,dattavihaan@hotmail.com,9.16061E+11,India
607,Sana Divan,bhamini08@yahoo.com,7658122206,USA
608,Hiran Mannan,bhallamishti@tak.com,9.16615E+11,UK
609,Tanya Kapoor,rheakulkarni@master-grewal.info,3630601585,UK
610,Sana Aurora,suhanakhosla@yahoo.com,2186996060,Australia
611,Nayantara Zachariah,mbrahmbhatt@dave.com,9341529340,UK
612,Nitara Garg,batrakartik@roy.com,9182492226,Canada
613,Indrajit Loyal,lghose@saran-shroff.net,5121659489,USA
614,Anika Sandhu,manekiaan@choudhury-ranganathan.com,9.10018E+11,Canada
615,Devansh Rama,ssunder@lalla-ratta.com,65632848,Australia
616,Dishani Bala,lakshaychokshi@barman.com,5342931555,India
617,Misha Sodhi,tarinidhaliwal@hotmail.com,4656933874,India
618,Miraya Varghese,reyansh92@wable-ghosh.com,1291551642,Canada
619,Yuvraj  Tandon,samairasanghvi@gmail.com,3820209434,UK
620,Mannat Chauhan,ehsaankala@yahoo.com,951729154,India
621,Tarini Kumar,riaanshenoy@yahoo.com,3339659422,UK
622,Bhavin Salvi,saksham86@sandal.org,4218528317,UK
623,Myra Tara,eshani52@gmail.com,9.13504E+11,Australia
624,Hunar Sodhi,shamik68@kalita.net,9.19955E+11,Australia
625,Divyansh Dhaliwal,gatikrajagopal@rajan.org,9.17953E+11,USA
626,Romil Kapadia,ahana-70@dhillon-jain.com,1870019897,Australia
627,Bhamini Hora,anika06@mahal-walla.net,1979383698,Australia
628,Madhup Keer,mishachanda@gmail.com,9.18056E+11,Australia
629,Inaaya  Ahluwalia,hben@yahoo.com,5531626282,Canada
630,Dhanush Rajan,dravi@ramesh.org,5850608904,India
631,Ahana  Doshi,sastryishaan@gmail.com,9.13979E+11,USA
632,Elakshi Karpe,sidhusaira@keer-sheth.com,9.10377E+11,Canada
633,Vanya Saha,wchauhan@hotmail.com,9735082107,Canada
634,Hunar Vasa,tatachirag@banik.biz,8040040205,Australia
635,Pihu Mahajan,godamamooty@hotmail.com,9321056361,UK
636,Shaan Sarin,hridaan55@hotmail.com,977446052,Canada
637,Emir Singh,apteaniruddh@hotmail.com,9.11288E+11,Canada
638,Aayush Chandran,darshit88@yahoo.com,5967557268,USA
639,Riya Tripathi,hansh82@ramesh-seshadri.com,9.15848E+11,India
640,Dhruv Bhalla,duafateh@yahoo.com,3429460344,Canada
641,Farhan Dhingra,yasmintank@sama-gandhi.com,7278043298,Australia
642,Mohanlal Rao,pari69@hotmail.com,9.18055E+11,Australia
643,Inaaya  Bhalla,lakshay46@issac.com,9.19172E+11,Canada
644,Badal Verma,shlok61@kata-dewan.biz,9.18603E+11,USA
645,Kiaan Gola,gsuresh@bains.com,9.13833E+11,UK
646,Aradhya Chowdhury,rajaindranil@gmail.com,4554059728,USA
647,Vivaan Kannan,oorjasarma@chandran.com,9.1466E+11,Australia
648,Indranil Bhardwaj,amirabaria@yahoo.com,5086642650,India
649,Nakul Sen,jayan07@seshadri.org,9.10239E+11,Australia
650,Dhanuk Ahuja,inaaya-dubey@hotmail.com,4859181253,Australia
651,Rohan Manne,lsha@chaudhary-bhatt.com,4286295251,Australia
652,Indrajit Mangat,yuvaandin@yahoo.com,9.10985E+11,Australia
653,Krish Arora,kashyapdhanuk@yahoo.com,8819490000,UK
654,Jivika Bhardwaj,dsaha@dugar-wali.info,6708750413,USA
655,Chirag Baral,ibir@sama-wadhwa.com,9.18325E+11,India
656,Shlok Srinivas,vasahazel@maharaj.info,3515975622,Canada
657,Samiha Luthra,divitsarma@goyal.com,9.15021E+11,USA
658,Siya Warrior,neelofarsibal@sha.com,4042927262,USA
659,Navya Kurian,dchauhan@dayal.com,9.11011E+11,Canada
660,Himmat Sahota,evadhillon@hotmail.com,7576961955,UK
661,Ritvik Kale,anya29@bhatt.com,2783738291,India
662,Adira Ram,bijutripathi@mangal.com,3314086259,Australia
663,Kabir Sahni,jivin61@hotmail.com,9.1895E+11,Australia
664,Nirvi Basak,balakrishnanbadal@yahoo.com,9.11228E+11,India
665,Darshit Choudhry,akata@hotmail.com,9825787511,UK
666,Kavya Bhakta,ssibal@kumar.info,2753815367,India
667,Dishani Yohannan,suhanasoni@dada.biz,1879418157,USA
668,Arhaan Sidhu,bsabharwal@yahoo.com,8881568038,USA
669,Vanya Sengupta,yakshitsibal@gmail.com,2135620574,Australia
670,Aniruddh Kalita,echakraborty@gala-krishnamurthy.com,9880808521,UK
671,Reyansh Gandhi,inaaya-sathe@goswami.com,9.11562E+11,India
672,Adah Barman,indranil17@gmail.com,46480121,UK
673,Ojas Shanker,hkala@yahoo.com,9.15868E+11,UK
674,Hunar Behl,azad91@issac.com,9.1454E+11,Canada
675,Samar Bava,kallaurvi@hotmail.com,9.12004E+11,India
676,Tejas Sama,vivaansaran@jaggi.com,5673145562,Australia
677,Kiaan Lalla,zkade@yahoo.com,9300212862,India
678,Nirvi Tata,rajagopalvedika@gmail.com,1085488744,Canada
679,Hiran Raj,zarabadal@walla.info,4561841102,UK
680,Faiyaz Baral,divanmamooty@vig.org,9.11728E+11,India
681,Reyansh Sehgal,madanhunar@walia.com,2415787668,Australia
682,Lagan Rama,xrao@dyal-barman.net,1426962823,India
683,Vidur Kalita,jainvihaan@hotmail.com,5339209999,USA
684,Jayant Swamy,vivaan80@yahoo.com,1539304400,UK
685,Rati Khatri,emir74@hotmail.com,2064353479,India
686,Dishani Mander,hazelrao@yahoo.com,9.142E+11,UK
687,Bhamini Majumdar,mishakota@sridhar.com,2348439763,Canada
688,Anaya Handa,hazel42@sachar-saini.info,9.14759E+11,UK
689,Rania Ben,alia62@sachar.com,9804847200,India
690,Vidur Dave,samairavenkataraman@hotmail.com,3919347155,USA
691,Divij Lal,kairadhawan@yahoo.com,8207148196,UK
692,Neysa Mallick,pranaydin@dasgupta.org,9.16205E+11,Australia
693,Jayant Sengupta,mehul48@yahoo.com,9.14127E+11,UK
694,Aradhya Ranganathan,xratti@ramakrishnan.biz,134320473,UK
695,Ayesha Babu,jbandi@hotmail.com,9.17323E+11,Canada
696,Alia Madan,ebail@hotmail.com,2613015744,India
697,Lagan Dash,bumbmehul@hayre.biz,5435162741,USA
698,Riya Banik,hdas@kalla.com,8355636624,Canada
699,Seher Chakrabarti,kumaranaya@hotmail.com,9.17503E+11,USA
700,Ivan Raj,manikya80@sami-ramachandran.com,1758428109,Canada
701,Romil Soni,eedwin@hotmail.com,9.19481E+11,India
702,Aarna Ganguly,kismatdeo@gola.info,9.1867E+11,India
703,Jivin Saha,qchadha@maharaj.com,9.16757E+11,Canada
704,Ehsaan Kibe,osaxena@raman.biz,5815833850,UK
705,Dhanush Srivastava,himmatthaman@sani.com,9976810369,USA
706,Hazel Sahni,sethisiya@loyal.com,7708372393,Australia
707,Ritvik Ben,samarbalakrishnan@balay.com,9.19169E+11,USA
708,Aayush Agrawal,rsethi@gmail.com,9.10687E+11,Canada
709,Kimaya Seshadri,rameshpari@bhardwaj.com,9.10659E+11,USA
710,Miraan Ahluwalia,sahotanakul@andra-bhat.com,9.11641E+11,Australia
711,Taimur Johal,amani02@hotmail.com,6103312295,Canada
712,Zoya Sabharwal,gokul22@yahoo.com,2458976000,India
713,Ela Golla,jayanttata@chandran.org,3325339905,UK
714,Rati Madan,xsandhu@yahoo.com,9454126310,Canada
715,Nirvaan Chatterjee,reyanshanne@seth.com,6712937187,USA
716,Armaan Kata,andraveer@gmail.com,5077667447,UK
717,Aarav Ratta,iatwal@gmail.com,9.17343E+11,Australia
718,Keya Malhotra,deryan@yahoo.com,9.16587E+11,Australia
719,Suhana Rege,madhav56@gmail.com,6650543109,UK
720,Oorja Maharaj,nayantara33@gmail.com,8706446392,India
721,Anahita Baral,wmandal@yahoo.com,8678638273,Australia
722,Diya Dhingra,aayushdara@gmail.com,6369357059,Canada
723,Tanya Saha,ldugar@gmail.com,6964081049,USA
724,Vanya Shah,uhari@gmail.com,9.10988E+11,Canada
725,Sana Dora,urvi95@sagar.com,4816244770,Canada
726,Amira Borde,sara40@rattan.com,1027624103,India
727,Ela Bhalla,basuaayush@anand-choudhary.com,4674405676,UK
728,Badal Aggarwal,dubeyshayak@sarkar.com,1314950859,UK
729,Saira Mandal,lallafateh@hotmail.com,9.14193E+11,USA
730,Devansh Acharya,aarush84@agrawal-sura.com,9.19738E+11,USA
731,Rohan Rastogi,oraval@hotmail.com,7788062204,Canada
732,Kartik Bath,pbhatia@rattan.biz,2514920089,India
733,Amani Agrawal,duttayuvaan@sama.com,4101705858,Australia
734,Krish Hans,bainsraunak@hotmail.com,8167157139,Canada
735,Heer Buch,arhaankaur@hotmail.com,1501464489,UK
736,Ahana  Chanda,varghesemyra@yahoo.com,667073438,Australia
737,Biju Bava,wchahal@sarma.org,4428838939,Australia
738,Pari Mammen,shanayakeer@gupta.com,9.11816E+11,Australia
739,Gatik Sarna,atalwar@sastry-devan.com,5889649048,Australia
740,Indranil Wali,chadhadarshit@cheema.com,5661592191,Australia
741,Advika Wadhwa,amiramani@gmail.com,9.10291E+11,UK
742,Madhav Boase,akarshrout@swaminathan.com,9.10658E+11,Canada
743,Dishani Kaul,hiran10@bhasin.com,9.18749E+11,Canada
744,Hiran Dora,dchaudhari@gmail.com,2462761658,Canada
745,Mahika Wason,dhanusharya@mani.org,5915388730,India
746,Zara Hora,datezaina@gmail.com,5284846118,UK
747,Onkar Tailor,lalavaibhav@iyer-varty.org,9.17013E+11,Canada
748,Nitya Bhagat,dashrishita@jhaveri.com,308884460,USA
749,Neysa Din,nityamammen@gmail.com,1592039673,UK
750,Jayesh Anand,amira70@bhavsar.com,9.15626E+11,USA
751,Onkar Banik,ramasana@hotmail.com,9.10937E+11,Canada
752,Reyansh Choudhury,shanaya63@dara.info,2065814562,USA
753,Purab Chopra,kapurarmaan@dey.com,5133286021,UK
754,Sana Balan,brarraghav@hotmail.com,8997696175,India
755,Saanvi Sha,jkota@yahoo.com,8856284504,UK
756,Hunar Mand,kashvi78@sani.com,9.10551E+11,UK
757,Mannat Chhabra,advikasood@dutta.info,4846450542,USA
758,Eva Sha,indrajit81@bose.com,9967390646,Canada
759,Vivaan Kannan,madhup22@hotmail.com,830806834,Australia
760,Aarush Bal,mishtibrar@tandon-upadhyay.info,7341579168,USA
761,Ishita Rout,warriorishita@sekhon.biz,9.10045E+11,Canada
762,Dhruv Bhatti,bainsshlok@salvi.com,8709892681,India
763,Lavanya Ravi,aarav27@sahni.com,235488223,Canada
764,Aayush Bahl,nitara56@vora.com,7704166697,Canada
765,Zaina Issac,sakshammand@ahluwalia-bakshi.com,4091935931,Australia
766,Emir Chahal,hiranvarma@edwin.org,9.12893E+11,Canada
767,Jayesh Khanna,rajagopalanvidur@yahoo.com,126160247,India
768,Arhaan Aggarwal,aaina65@krishna.biz,9.10776E+11,USA
769,Fateh Ghose,shans@dhaliwal-chakraborty.com,1423678813,Canada
770,Rasha Ganesan,saanvibumb@hotmail.com,9.17287E+11,USA
771,Saira Behl,batramahika@thaker.com,9.10747E+11,Canada
772,Yuvraj  Kata,dhaliwalira@hotmail.com,6348485644,UK
773,Nirvaan Dhingra,lsetty@yahoo.com,7201334654,Canada
774,Nehmat Mallick,sehgalkhushi@dalia-garde.org,9.14632E+11,UK
775,Kanav Malhotra,qdube@yahoo.com,1200354327,UK
776,Taimur Kant,psachdev@hotmail.com,1019381349,USA
777,Hrishita Gokhale,ebehl@gmail.com,9.13207E+11,UK
778,Siya Kara,chaudhryalisha@ganesan.com,530700053,USA
779,Indrajit Gulati,saksham59@andra-bajaj.info,5456891302,USA
780,Khushi Behl,sahil76@chada.biz,9339066634,Canada
781,Shray Loyal,lakshit46@sheth.com,7688749082,India
782,Riya Borra,gdhar@yahoo.com,876002966,Australia
783,Tushar Kapoor,dasivana@bhasin.com,9.18479E+11,UK
784,Baiju Dara,reyanshwalla@gmail.com,8071034259,Australia
785,Rhea Chowdhury,trisha86@chhabra-venkataraman.com,9.12075E+11,UK
786,Aarush Bhandari,zzacharia@yahoo.com,9.17687E+11,Australia
787,Dishani Sarin,hraju@yahoo.com,9.16751E+11,UK
788,Azad Samra,yashvigera@sekhon.com,2462405855,UK
789,Neelofar Sur,valaaarush@yahoo.com,9.1352E+11,Australia
790,Kanav Dora,azad42@hotmail.com,5436681626,Canada
791,Ritvik Wagle,romil12@yahoo.com,9.16725E+11,USA
792,Ojas Badal,sachdevadevansh@rama.biz,4994378682,UK
793,Lagan Bahl,taimur42@bhatnagar.com,9.14632E+11,India
794,Vritika Loyal,lagan34@gmail.com,6552689971,Canada
795,Elakshi Krishnamurthy,abram68@kakar-zachariah.com,7568632929,USA
796,Tiya Bassi,nakul52@anne.net,3405092370,India
797,Renee Kala,sana29@hotmail.com,5484841977,Australia
798,Nishith Vyas,swamykeya@yahoo.com,9209808031,Canada
799,Divyansh Garde,dharira@sampath.com,9.11366E+11,USA
800,Aradhya Ahuja,bhattacharyyamohanlal@batra.com,9.1806E+11,UK
801,Miraan Mann,jhanvitrivedi@ravi-salvi.info,9.13856E+11,Australia
802,Anahita Verma,ramadhruv@hotmail.com,9.18033E+11,Australia
803,Hazel Wadhwa,lakshitrandhawa@chad-savant.com,2842247693,Canada
804,Tara Karan,cdivan@hotmail.com,4643262565,India
805,Dharmajan Sharaf,baradjayesh@acharya.com,3394952855,Australia
806,Shamik Som,mahikagade@barad.com,8243439277,USA
807,Shanaya Amble,hanshbarman@gupta.com,7598420681,USA
808,Alia Raj,rohan57@gmail.com,6371953575,Canada
809,Hrishita Swamy,romilamble@borra.org,6754379229,Australia
810,Abram Sandhu,priyansh50@gmail.com,9223976005,Canada
811,Amira Chakrabarti,inaaya-krishnan@gmail.com,9.10292E+11,UK
812,Arnav Bali,ydua@hotmail.com,9.19494E+11,USA
813,Ahana  Badami,tiyabhakta@manda-chaudhari.info,6429509023,India
814,Indrans Hans,sainimohanlal@varkey.net,9.10044E+11,UK
815,Siya Gour,pthakkar@yahoo.com,9.15347E+11,Australia
816,Neelofar Kapoor,johalinaaya@gmail.com,9.1021E+11,Australia
817,Tara Mall,gokul88@yahoo.com,9.1718E+11,Australia
818,Yuvraj  Sani,vanyabhasin@yahoo.com,9750849385,India
819,Prisha Sekhon,srinivasananika@hotmail.com,1907201052,UK
820,Ojas De,ranbirdubey@gmail.com,4896115991,USA
821,Shray Chaudry,divit21@hotmail.com,8809251451,Canada
822,Advik Chauhan,alisha94@sridhar.com,6728630630,USA
823,Elakshi Atwal,nbains@hotmail.com,9.13739E+11,UK
824,Taimur Srinivas,rashaseshadri@hotmail.com,9.16513E+11,UK
825,Piya Yadav,hunar92@srinivasan.com,6003534807,UK
826,Sahil Kar,eshaniiyengar@hotmail.com,4927805630,UK
827,Aaina Sarna,devisiya@ganguly.info,7246075516,Canada
828,Lagan Bera,inaaya-johal@yahoo.com,5695638535,UK
829,Nehmat Kapur,rgupta@rastogi.com,8955743540,India
830,Vardaniya Chad,bedigokul@hotmail.com,9.19423E+11,Canada
831,Piya Dua,zoya94@hotmail.com,7026427880,Canada
832,Vardaniya Sachdev,shalv38@suresh.com,9.13146E+11,India
833,Veer Bali,kiara01@yohannan.com,9.10473E+11,India
834,Mannat Srinivas,shayaksarraf@hari.biz,9.1937E+11,USA
835,Taimur Divan,tanya08@dubey.org,9.1643E+11,India
836,Aaina Chakrabarti,dhanuk08@shere.com,1828080900,Canada
837,Baiju Kota,hiranvasa@chaudhry-sule.biz,3859853192,USA
838,Amira Bedi,shahmadhup@rajagopalan-ramanathan.org,4981893578,Canada
839,Ishita Chahal,krishshalv@brahmbhatt-seth.biz,4860396295,Canada
840,Yashvi Gala,dubeymannat@yahoo.com,7895471288,UK
841,Ishaan Banik,vyasdamini@yahoo.com,7853575396,Canada
842,Riya Comar,vardaniya82@gmail.com,7059437272,India
843,Rhea Karnik,osani@ganesan-mangal.com,9.16165E+11,India
844,Dharmajan Randhawa,veer42@yahoo.com,9580317414,Australia
845,Jivika Sridhar,kiarasaraf@yahoo.com,1698327511,Australia
846,Dishani Borde,rajkabir@shanker.org,9.1689E+11,UK
847,Tara Korpal,anahishanker@mangat.biz,9.14245E+11,India
848,Romil Andra,zmann@tak.org,9.15992E+11,Canada
849,Dharmajan Madan,pranay35@gmail.com,5259829755,USA
850,Alisha Srinivasan,samar87@atwal.net,482382762,Canada
851,Jayesh Chadha,aaina52@rana.biz,9549523394,India
852,Myra Barad,bediishita@walia-badami.com,7621056425,Canada
853,Renee Khurana,uthkarshratta@seth-kaul.com,8362474898,USA
854,Ela Sankaran,kaulsaanvi@gmail.com,9396034461,India
855,Vedika Kuruvilla,upadhyaydrishya@chopra.com,1822458373,Australia
856,Jayesh Dixit,ykadakia@sarma-deol.com,867368011,UK
857,Hazel Bhatnagar,ravaldivij@agarwal-sheth.com,9.1356E+11,Australia
858,Jayant Ganesan,deyaarna@uppal.com,6376737404,India
859,Kiara Dalal,kiaan52@shanker.biz,9.12477E+11,India
860,Himmat Das,jbatra@luthra.org,2868791931,India
861,Zoya Gara,kuruvillatarini@srinivas-ram.biz,6954975261,USA
862,Lagan Contractor,ojasvarughese@yahoo.com,824589489,Australia
863,Emir Bansal,sacharishita@seth-borde.org,6661291422,India
864,Ranbir Wadhwa,bhandarinitya@dutt.com,4700686346,Canada
865,Lakshay Raman,danidrishya@wable.net,9.16982E+11,Australia
866,Nayantara Dave,neysa31@manne.com,2364754152,UK
867,Siya Balasubramanian,apteanaya@hotmail.com,9.13792E+11,Canada
868,Nehmat Chowdhury,toorromil@singhal.biz,9.13634E+11,Canada
869,Aarav Shroff,chanadrishya@chand-sawhney.info,9.16108E+11,Australia
870,Renee Jha,ckuruvilla@bobal.biz,2426862913,UK
871,Jivika Sekhon,dayalpari@sama.com,6943089836,Canada
872,Badal Sha,samar13@sani.net,1751449471,UK
873,Shalv Dar,jsura@hotmail.com,9029608158,UK
874,Sara Kala,janand@bakshi.net,9836552076,India
875,Drishya Sehgal,kiara32@gmail.com,5579172266,UK
876,Neelofar Gara,zsunder@gmail.com,7401966753,Australia
877,Devansh Gade,chauhanalisha@bobal-sarna.com,205808977,UK
878,Sara Trivedi,ktrivedi@hotmail.com,9934368772,Canada
879,Prisha Badami,kotashayak@hotmail.com,9212488306,Australia
880,Indranil Kapadia,heermajumdar@kibe.org,207331818,USA
881,Kavya Biswas,zachariahkanav@yahoo.com,4457985778,Canada
882,Samarth Lad,zara38@hotmail.com,6941835980,USA
883,Nishith Ratta,acharyashalv@hotmail.com,9.16778E+11,UK
884,Rania Sen,ahluwaliashanaya@barad.info,6098856193,India
885,Adah Dutta,dugarmadhup@hotmail.com,9348207364,Australia
886,Jivika Dhillon,twalla@sidhu.com,6437482280,Canada
887,Pihu Saxena,thayer@mangat-gala.com,6183483671,USA
888,Jayan Chhabra,vardaniyavig@yahoo.com,2341705763,UK
889,Hansh Virk,imagar@hotmail.com,9232094291,USA
890,Kiaan Dhillon,mishtithakkar@hotmail.com,526026298,Canada
891,Shlok Din,uvenkatesh@gmail.com,8525836604,UK
892,Alia Kala,ahana-mallick@shanker.biz,5564007675,UK
893,Renee Chaudry,anaya19@rege.com,1686745398,UK
894,Shaan Yohannan,deomadhav@hotmail.com,1605617196,UK
895,Arnav Goswami,joshidhruv@yahoo.com,1554664961,Australia
896,Diya Bhalla,pbains@hotmail.com,9.19807E+11,UK
897,Jayant Kar,doctorhimmat@gmail.com,3814643485,USA
898,Divyansh Saha,advika85@butala-cheema.net,9.14318E+11,USA
899,Sahil Dugar,divijiyer@hotmail.com,7328529027,UK
900,Kismat Keer,sahil28@mallick.com,2216159046,UK
901,Anay Hayre,lakshay36@sarraf-sarin.info,9.1139E+11,India
902,Rasha Chaudhary,wdasgupta@yahoo.com,9.13437E+11,Canada
903,Aarav Sidhu,vardaniya47@toor.com,7592225471,UK
904,Arnav Sarkar,jkhalsa@thaker.com,9.17458E+11,Canada
905,Saksham Dhar,bbakshi@rege.com,3626828778,Australia
906,Hunar Uppal,chirag22@virk-sarraf.info,6126672877,USA
907,Hiran Bajwa,gandhimyra@dutt.com,3413758998,Australia
908,Amira Mall,sbuch@hotmail.com,876897167,UK
909,Sara Vig,abram30@hotmail.com,2987936738,UK
910,Elakshi Ganguly,piya80@yahoo.com,4835018474,USA
911,Divyansh Mander,diyasama@kothari-buch.com,735205780,UK
912,Shray Comar,nbrahmbhatt@dara.com,2281087444,India
913,Himmat Arya,faiyaz15@iyer.com,9.12243E+11,UK
914,Rasha Sastry,amblejayesh@yahoo.com,9.19827E+11,Canada
915,Aaryahi Kuruvilla,faiyaz64@som.com,7051822674,Australia
916,Shanaya Basu,prishakadakia@dhawan.biz,5796148794,USA
917,Adira Sodhi,bkeer@bhandari.com,2453444027,Canada
918,Elakshi Dara,mamooty26@gmail.com,5311431720,Australia
919,Seher Suresh,tusharsachar@yahoo.com,3958607244,USA
920,Yashvi Toor,desaitejas@bawa.com,3700158503,USA
921,Zeeshan Balasubramanian,elabedi@bahl.com,3277517216,Australia
922,Yasmin Doshi,jivinbrahmbhatt@dhar.com,9.14304E+11,India
923,Pranay Venkatesh,dharmajan62@kar.net,1938888208,UK
924,Ritvik Dhingra,sandalrania@gmail.com,4330509557,UK
925,Suhana Bhatti,sairachada@reddy-mangal.com,9.14273E+11,Canada
926,Taran Saini,gchana@gmail.com,3630083792,UK
927,Aaryahi Shan,nayantara01@gmail.com,4712220926,Canada
928,Aarush Rama,raghavdhar@gmail.com,9.1855E+11,Canada
929,Krish Babu,mallickpurab@hotmail.com,5890971881,India
930,Samaira Buch,aggarwalkiara@kapadia.info,1783562687,UK
931,Shray Kala,zoya86@gmail.com,3441902236,India
932,Arnav Dalal,taimuredwin@yahoo.com,9030860168,UK
933,Pihu Dugal,bordeindranil@bumb.biz,7662061228,UK
934,Advika Rout,zaina52@tella.biz,7364278705,India
935,Saanvi Sarna,yogishamik@yahoo.com,7089664805,UK
936,Ivan Bumb,srivastavaoorja@gmail.com,7604231498,USA
937,Indranil Agrawal,keya49@kurian.com,9.18407E+11,USA
938,Diya Chana,ayesha43@gmail.com,9.11622E+11,USA
939,Adah Ahluwalia,anika15@gmail.com,9.10704E+11,UK
940,Priyansh Sani,sekhonojas@bhatt-kibe.biz,2204981102,Australia
941,Damini Chad,katashlok@yahoo.com,9.11391E+11,UK
942,Shanaya Soni,lgarg@yahoo.com,5465807161,USA
943,Sumer Chakrabarti,vedikajaggi@yahoo.com,9.14634E+11,USA
944,Romil Dada,dalalaradhya@sem.biz,9925849232,India
945,Mahika Konda,xdugar@goswami-chana.biz,8226734662,USA
946,Hunar Karpe,bajajjayan@gmail.com,9.13549E+11,UK
947,Divit Sibal,dasstuvan@yahoo.com,9.17177E+11,Australia
948,Jiya Krish,bhasinprerak@gara-raval.net,8152357174,Canada
949,Bhavin Subramaniam,ivora@gmail.com,1256838647,UK
950,Siya Bobal,nitarasanghvi@kuruvilla-roy.com,6235500290,Australia
951,Ishaan Sankaran,mishti97@yahoo.com,9.16686E+11,Australia
952,Seher Contractor,ela94@sunder.com,9275180334,Canada
953,Chirag Hegde,mannatswamy@hotmail.com,9.105E+11,USA
954,Taimur Kulkarni,zeeshantara@hotmail.com,9.18756E+11,Australia
955,Nirvaan Kata,ramanathanadvika@hotmail.com,9.15612E+11,UK
956,Miraya Sant,nirvi27@kar.com,1004884123,Australia
957,Sahil Walia,hiran18@yahoo.com,9.16548E+11,Australia
958,Manikya Chowdhury,gadenehmat@yahoo.com,9.10887E+11,Canada
959,Kiara Banerjee,sinhamadhup@hotmail.com,9.14973E+11,Australia
960,Heer Iyengar,nwali@karan.com,9.10496E+11,Australia
961,Lavanya Kanda,umadan@hotmail.com,6360642218,Australia
962,Manjari Bansal,agarwaluthkarsh@boase-sehgal.biz,1717840165,Australia
963,Suhana Gupta,ukannan@gmail.com,9133975167,USA
964,Dhanush Shah,misha93@bala-chauhan.com,9.17553E+11,USA
965,Darshit Banik,damini38@hayre.org,4882614070,UK
966,Damini Chokshi,hdasgupta@hotmail.com,7210103093,Australia
967,Renee Baria,garazeeshan@gmail.com,7026113410,Canada
968,Nirvaan Chakraborty,advikachandra@hotmail.com,9.13213E+11,India
969,Zain Joshi,sunderadira@dayal.info,7720885736,India
970,Kartik Krish,tellaishita@gmail.com,5163732019,India
971,Fateh Tara,badalrama@gmail.com,311051993,USA
972,Jayant Gupta,eray@kala-salvi.net,1788441064,USA
973,Mamooty Wable,shrayanne@kalita-bajwa.biz,9.18035E+11,India
974,Ivan Dara,vivaan81@yahoo.com,1432231259,Australia
975,Vidur Tella,oorja25@amble-dutt.com,6222441435,USA
976,Yakshit Divan,kbhalla@shenoy-deep.com,1120524404,USA
977,Reyansh Malhotra,ehsaanlata@yahoo.com,6923069019,Australia
978,Vanya Swaminathan,mannat85@borde.com,2176881996,USA
979,Abram Magar,rbarman@gmail.com,1599879820,Canada
980,Prisha Sani,doctoranaya@hotmail.com,9.19572E+11,UK
981,Saksham Subramanian,sarkarshamik@yahoo.com,1506239198,USA
982,Nishith Cheema,lcheema@gmail.com,9.15114E+11,India
983,Onkar Kota,bkumar@arya-chandran.com,6994249227,UK
984,Jayan Walla,smajumdar@verma-mall.com,9.1985E+11,UK
985,Ranbir Saxena,bajwatara@mahal.com,9.13202E+11,Australia
986,Darshit Randhawa,ranbirdalal@yahoo.com,6889169604,UK
987,Hridaan Bhagat,cgrover@sathe-kaur.com,4038094720,UK
988,Ayesha Dave,oorja46@shan-rajan.info,9429114787,UK
989,Rania Krish,adahdin@yahoo.com,9.16227E+11,Australia
990,Anaya Warrior,divitahluwalia@hotmail.com,3330043335,Canada
991,Gatik Borde,bumbshlok@karnik-mander.biz,1281824771,UK
992,Jayan Koshy,badal91@chokshi-halder.org,9350037462,India
993,Shray Mani,kiaanrao@gmail.com,3538266549,USA
994,Dharmajan Sandal,shayak66@hotmail.com,1311631118,Canada
995,Mehul Banerjee,himmatbhat@kadakia-sabharwal.com,9.13553E+11,UK
996,Amani Srinivas,manikyasidhu@gmail.com,4609712125,Australia
997,Amira Sarma,ghoseshray@yahoo.com,9.10287E+11,India
998,Saksham Varghese,odasgupta@hotmail.com,8514202094,Australia
999,Ivan Kant,parinaaz02@gmail.com,9.17899E+11,India
1000,Veer Bora,jiya55@wable.com,9.15356E+11,UK
